"id","name","average_salary"
5,"Larissa R","3566.6666666666666667"
4,"Maria C","2766.6666666666666667"
3,"Pedro D","2733.3333333333333333"
