"id","name","average_salary"
1,"Romulo M","1880.0000000000000000"
2,"Alex S","1700.0000000000000000"
3,"Pedro D","3140.0000000000000000"
4,"Maria C","2960.0000000000000000"
5,"Larissa R","3040.0000000000000000"
